{"cameraMode":{"drawMode":0,"name":"Shaded","section":"Shading Mode"},"sceneLighting":false,"audioPlay":false,"sceneViewState":{"showFog":true,"showMaterialUpdate":false,"showSkybox":true,"showFlares":true,"showImageEffects":true,"showParticleSystems":true},"in2DMode":false,"pivot":{"x":-3.929121971130371,"y":0.06737399101257324,"z":0.2987191081047058},"rotation":{"x":0.4015060365200043,"y":0.030214587226510049,"z":-0.013254489749670029,"w":0.9152650833129883},"size":1.0897676944732667,"orthographic":false}